,title,rank,date,artist,url,region,chart,trend,streams
4589460,Calma - Remix,1,2019-01-18,"Pedro Capó, Farruko",https://open.spotify.com/track/5iwz1NiezX7WWjnCgY5TH4,Argentina,top200,SAME_POSITION,444430.0
4589461,Adan y Eva,2,2019-01-18,Paulo Londra,https://open.spotify.com/track/6FyRXC8tJUh863JCkyWqtk,Argentina,top200,SAME_POSITION,337122.0
4589462,Leña para el Carbón,3,2019-01-18,DJ Alex,https://open.spotify.com/track/5lcL51XmmTrQy09H85wIJZ,Argentina,top200,SAME_POSITION,214700.0
4589463,Sin Culpa (feat. DrefQuila),4,2019-01-18,Duki,https://open.spotify.com/track/3dLiBBKbeUIhzGNeuo5JGS,Argentina,top200,SAME_POSITION,209370.0
4589464,MIA (feat. Drake),5,2019-01-18,Bad Bunny,https://open.spotify.com/track/116H0KvKr2Zl4RPuVBruDO,Argentina,top200,SAME_POSITION,201460.0
4590660,Sunflower - Spider-Man: Into the Spider-Verse,1,2019-01-18,"Post Malone, Swae Lee",https://open.spotify.com/track/3KkXRkHbMCARz0aVfEt68P,Australia,top200,SAME_POSITION,297631.0
4590661,Wow.,2,2019-01-18,Post Malone,https://open.spotify.com/track/6MWtB6iiXyIwun0YzU6DFP,Australia,top200,SAME_POSITION,244196.0
4590662,7 rings,3,2019-01-18,Ariana Grande,https://open.spotify.com/track/14msK75pk3pA33pzPVNtBF,Australia,top200,NEW_ENTRY,240128.0
4590663,Without Me,4,2019-01-18,Halsey,https://open.spotify.com/track/5p7ujcrUXASCNwRaWNHR1C,Australia,top200,MOVE_DOWN,233733.0
4590664,Sweet but Psycho,5,2019-01-18,Ava Max,https://open.spotify.com/track/25sgk305KZfyuqVBQIahim,Australia,top200,MOVE_DOWN,201776.0
4590860,Hobby Hobby,1,2019-01-18,MERO,https://open.spotify.com/track/260R90ctQ1SiPax90PuEsT,Austria,top200,MOVE_UP,95241.0
4590861,DODI,2,2019-01-18,Shindy,https://open.spotify.com/track/63THFs9ovzO3WQsz4lzh0H,Austria,top200,MOVE_DOWN,43645.0
4590862,Benzema,3,2019-01-18,Capital Bra,https://open.spotify.com/track/7KPGeiXWDsGEvFK62wzU8E,Austria,top200,MOVE_DOWN,39397.0
4590863,Wenn die Sonne untergeht,4,2019-01-18,"Azet, Zuna",https://open.spotify.com/track/23N0z3XkwS2ErcNKsgCWAb,Austria,top200,NEW_ENTRY,37134.0
4590864,Sweet but Psycho,5,2019-01-18,Ava Max,https://open.spotify.com/track/25sgk305KZfyuqVBQIahim,Austria,top200,MOVE_DOWN,31708.0
4592025,7 rings,1,2019-01-18,Ariana Grande,https://open.spotify.com/track/14msK75pk3pA33pzPVNtBF,Belgium,top200,NEW_ENTRY,42867.0
4592026,Sweet but Psycho,2,2019-01-18,Ava Max,https://open.spotify.com/track/25sgk305KZfyuqVBQIahim,Belgium,top200,MOVE_DOWN,36535.0
4592027,High Hopes,3,2019-01-18,Panic! At The Disco,https://open.spotify.com/track/1rqqCSm0Qe4I9rUvWncaom,Belgium,top200,MOVE_DOWN,31941.0
4592028,Without Me,4,2019-01-18,Halsey,https://open.spotify.com/track/5p7ujcrUXASCNwRaWNHR1C,Belgium,top200,MOVE_DOWN,29047.0
4592029,"thank u, next",5,2019-01-18,Ariana Grande,https://open.spotify.com/track/2rPE9A1vEgShuZxxzR2tZH,Belgium,top200,SAME_POSITION,26621.0
4592226,Adan y Eva,1,2019-01-18,Paulo Londra,https://open.spotify.com/track/6FyRXC8tJUh863JCkyWqtk,Bolivia,top200,SAME_POSITION,16119.0
4592227,Calma - Remix,2,2019-01-18,"Pedro Capó, Farruko",https://open.spotify.com/track/5iwz1NiezX7WWjnCgY5TH4,Bolivia,top200,SAME_POSITION,15872.0
4592228,Desconocidos,3,2019-01-18,"Mau y Ricky, Manuel Turizo, Camilo",https://open.spotify.com/track/0s5DNDV6LAKn2u2Ufa3VjQ,Bolivia,top200,SAME_POSITION,15543.0
4592229,Secreto,4,2019-01-18,"Anuel AA, KAROL G",https://open.spotify.com/track/5W83ErFkO3aKAIS1WMi6u0,Bolivia,top200,MOVE_UP,13633.0
4592230,Te Vi,5,2019-01-18,"Piso 21, Micro TDH",https://open.spotify.com/track/059bcIhyc2SBwm6sw2AZzd,Bolivia,top200,MOVE_DOWN,11552.0
4592426,Atrasadinha - Ao Vivo,1,2019-01-18,"Felipe Araújo, Ferrugem",https://open.spotify.com/track/5EKHbW7mXcAR4hCyS3YXjb,Brazil,top200,MOVE_UP,701174.0
4592427,Jenifer,2,2019-01-18,Gabriel Diniz,https://open.spotify.com/track/5ixqGGFu0hdHfErdp32QwT,Brazil,top200,MOVE_DOWN,696359.0
4592428,Notificação Preferida - Ao Vivo,3,2019-01-18,Zé Neto & Cristiano,https://open.spotify.com/track/2qkNnJvQvhLiZ63X1L3eFz,Brazil,top200,MOVE_UP,585523.0
4592429,Agora é Tudo Meu,4,2019-01-18,"DENNIS, MC Kevinho",https://open.spotify.com/track/5yH8pYxNckOU1cxfPsMIaz,Brazil,top200,MOVE_DOWN,583841.0
4592430,Quem Me Dera,5,2019-01-18,"Márcia Fellipe, Jerry Smith",https://open.spotify.com/track/2lAyctg5FocS67eksHoyIg,Brazil,top200,SAME_POSITION,577032.0
4592627,7 rings,1,2019-01-18,Ariana Grande,https://open.spotify.com/track/14msK75pk3pA33pzPVNtBF,Bulgaria,top200,NEW_ENTRY,9142.0
4592628,Lost in the Fire,2,2019-01-18,"Gesaffelstein, The Weeknd",https://open.spotify.com/track/7wFybC8jBH3zE139OpCtpG,Bulgaria,top200,MOVE_DOWN,3669.0
4592629,Without Me,3,2019-01-18,Halsey,https://open.spotify.com/track/5p7ujcrUXASCNwRaWNHR1C,Bulgaria,top200,MOVE_DOWN,3301.0
4592630,Wow.,4,2019-01-18,Post Malone,https://open.spotify.com/track/6MWtB6iiXyIwun0YzU6DFP,Bulgaria,top200,MOVE_DOWN,2829.0
4592631,"thank u, next",5,2019-01-18,Ariana Grande,https://open.spotify.com/track/2rPE9A1vEgShuZxxzR2tZH,Bulgaria,top200,MOVE_UP,2403.0
4592683,7 rings,1,2019-01-18,Ariana Grande,https://open.spotify.com/track/14msK75pk3pA33pzPVNtBF,Canada,top200,NEW_ENTRY,386826.0
4592684,Wow.,2,2019-01-18,Post Malone,https://open.spotify.com/track/6MWtB6iiXyIwun0YzU6DFP,Canada,top200,MOVE_DOWN,259849.0
4592685,Sunflower - Spider-Man: Into the Spider-Verse,3,2019-01-18,"Post Malone, Swae Lee",https://open.spotify.com/track/3KkXRkHbMCARz0aVfEt68P,Canada,top200,MOVE_DOWN,254842.0
4592686,Going Bad (feat. Drake),4,2019-01-18,Meek Mill,https://open.spotify.com/track/2IRZnDFmlqMuOrYOLnZZyc,Canada,top200,MOVE_DOWN,193736.0
4592687,Without Me,5,2019-01-18,Halsey,https://open.spotify.com/track/5p7ujcrUXASCNwRaWNHR1C,Canada,top200,MOVE_DOWN,170616.0
4592882,Calma - Remix,1,2019-01-18,"Pedro Capó, Farruko",https://open.spotify.com/track/5iwz1NiezX7WWjnCgY5TH4,Chile,top200,SAME_POSITION,351256.0
4592883,Amanece,2,2019-01-18,"Anuel AA, Haze",https://open.spotify.com/track/1LiN0Z98FkR1t0m8KmLcAH,Chile,top200,SAME_POSITION,327269.0
4592884,No Te Enamores,3,2019-01-18,Paloma Mami,https://open.spotify.com/track/0EJu1RBtxzldMG2peczuPv,Chile,top200,SAME_POSITION,297714.0
4592885,Adan y Eva,4,2019-01-18,Paulo Londra,https://open.spotify.com/track/6FyRXC8tJUh863JCkyWqtk,Chile,top200,SAME_POSITION,291387.0
4592886,Secreto,5,2019-01-18,"Anuel AA, KAROL G",https://open.spotify.com/track/5W83ErFkO3aKAIS1WMi6u0,Chile,top200,SAME_POSITION,274732.0
4614360,Calma - Remix,1,2019-01-18,"Pedro Capó, Farruko",https://open.spotify.com/track/5iwz1NiezX7WWjnCgY5TH4,Costa Rica,top200,SAME_POSITION,38054.0
4614361,Adan y Eva,2,2019-01-18,Paulo Londra,https://open.spotify.com/track/6FyRXC8tJUh863JCkyWqtk,Costa Rica,top200,SAME_POSITION,31742.0
4614362,Desconocidos,3,2019-01-18,"Mau y Ricky, Manuel Turizo, Camilo",https://open.spotify.com/track/0s5DNDV6LAKn2u2Ufa3VjQ,Costa Rica,top200,SAME_POSITION,27904.0
4614363,Secreto,4,2019-01-18,"Anuel AA, KAROL G",https://open.spotify.com/track/5W83ErFkO3aKAIS1WMi6u0,Costa Rica,top200,MOVE_UP,22286.0
4614364,MIA (feat. Drake),5,2019-01-18,Bad Bunny,https://open.spotify.com/track/116H0KvKr2Zl4RPuVBruDO,Costa Rica,top200,MOVE_DOWN,21992.0
4614450,Calma - Remix,1,2019-01-18,"Pedro Capó, Farruko",https://open.spotify.com/track/5iwz1NiezX7WWjnCgY5TH4,Colombia,top200,SAME_POSITION,92629.0
4614451,Adan y Eva,2,2019-01-18,Paulo Londra,https://open.spotify.com/track/6FyRXC8tJUh863JCkyWqtk,Colombia,top200,SAME_POSITION,83476.0
4614452,Secreto,3,2019-01-18,"Anuel AA, KAROL G",https://open.spotify.com/track/5W83ErFkO3aKAIS1WMi6u0,Colombia,top200,MOVE_UP,79488.0
4614453,Desconocidos,4,2019-01-18,"Mau y Ricky, Manuel Turizo, Camilo",https://open.spotify.com/track/0s5DNDV6LAKn2u2Ufa3VjQ,Colombia,top200,MOVE_DOWN,73626.0
4614454,MIA (feat. Drake),5,2019-01-18,Bad Bunny,https://open.spotify.com/track/116H0KvKr2Zl4RPuVBruDO,Colombia,top200,SAME_POSITION,58890.0
4614822,High Hopes,1,2019-01-18,Panic! At The Disco,https://open.spotify.com/track/1rqqCSm0Qe4I9rUvWncaom,Czech Republic,top200,SAME_POSITION,15755.0
4614823,7 rings,2,2019-01-18,Ariana Grande,https://open.spotify.com/track/14msK75pk3pA33pzPVNtBF,Czech Republic,top200,NEW_ENTRY,15213.0
4614824,Sweet but Psycho,3,2019-01-18,Ava Max,https://open.spotify.com/track/25sgk305KZfyuqVBQIahim,Czech Republic,top200,MOVE_DOWN,14881.0
4614825,Without Me,4,2019-01-18,Halsey,https://open.spotify.com/track/5p7ujcrUXASCNwRaWNHR1C,Czech Republic,top200,MOVE_DOWN,13305.0
4614826,Bohemian Rhapsody - Remastered 2011,5,2019-01-18,Queen,https://open.spotify.com/track/7tFiyTwD0nx5a1eklYtX2J,Czech Republic,top200,MOVE_DOWN,12471.0
4615022,X,1,2019-01-18,KESI,https://open.spotify.com/track/7iNiRaxUOvd4seviLprqeb,Denmark,top200,SAME_POSITION,105483.0
4615023,Aldrig For Sjov (feat. Branco & Gilli),2,2019-01-18,ATYPISK,https://open.spotify.com/track/1Td1VKv9mzF6zjFBe8TLgC,Denmark,top200,NEW_ENTRY,96598.0
4615024,Wow.,3,2019-01-18,Post Malone,https://open.spotify.com/track/6MWtB6iiXyIwun0YzU6DFP,Denmark,top200,MOVE_DOWN,84376.0
4615025,Kolde Nætter,4,2019-01-18,Gilli,https://open.spotify.com/track/6OuXYdo2VotwVcV9kEBqS9,Denmark,top200,MOVE_DOWN,75223.0
4615026,Shallow,5,2019-01-18,"Lady Gaga, Bradley Cooper",https://open.spotify.com/track/2VxeLyX666F8uXCJ0dZF8B,Denmark,top200,MOVE_DOWN,69696.0
4615222,Secreto,1,2019-01-18,"Anuel AA, KAROL G",https://open.spotify.com/track/5W83ErFkO3aKAIS1WMi6u0,Dominican Republic,top200,SAME_POSITION,23467.0
4615223,La Romana,2,2019-01-18,"Bad Bunny, El Alfa",https://open.spotify.com/track/1khmgu0pveJbkbpbkyvcQv,Dominican Republic,top200,SAME_POSITION,17989.0
4615224,Solo de Mi,3,2019-01-18,Bad Bunny,https://open.spotify.com/track/4uP3pUP18ennmz0tb3GphR,Dominican Republic,top200,SAME_POSITION,16853.0
4615225,MIA (feat. Drake),4,2019-01-18,Bad Bunny,https://open.spotify.com/track/116H0KvKr2Zl4RPuVBruDO,Dominican Republic,top200,SAME_POSITION,13632.0
4615226,NI BIEN NI MAL,5,2019-01-18,Bad Bunny,https://open.spotify.com/track/278kSqsZIiYp8p3QjYAqa8,Dominican Republic,top200,SAME_POSITION,13462.0
4615423,Adan y Eva,1,2019-01-18,Paulo Londra,https://open.spotify.com/track/6FyRXC8tJUh863JCkyWqtk,Ecuador,top200,SAME_POSITION,45805.0
4615424,Calma - Remix,2,2019-01-18,"Pedro Capó, Farruko",https://open.spotify.com/track/5iwz1NiezX7WWjnCgY5TH4,Ecuador,top200,SAME_POSITION,45384.0
4615425,Secreto,3,2019-01-18,"Anuel AA, KAROL G",https://open.spotify.com/track/5W83ErFkO3aKAIS1WMi6u0,Ecuador,top200,MOVE_UP,41775.0
4615426,Desconocidos,4,2019-01-18,"Mau y Ricky, Manuel Turizo, Camilo",https://open.spotify.com/track/0s5DNDV6LAKn2u2Ufa3VjQ,Ecuador,top200,MOVE_DOWN,39496.0
4615427,MIA (feat. Drake),5,2019-01-18,Bad Bunny,https://open.spotify.com/track/116H0KvKr2Zl4RPuVBruDO,Ecuador,top200,SAME_POSITION,26384.0
4615623,Calma - Remix,1,2019-01-18,"Pedro Capó, Farruko",https://open.spotify.com/track/5iwz1NiezX7WWjnCgY5TH4,El Salvador,top200,SAME_POSITION,15246.0
4615624,Secreto,2,2019-01-18,"Anuel AA, KAROL G",https://open.spotify.com/track/5W83ErFkO3aKAIS1WMi6u0,El Salvador,top200,MOVE_UP,11666.0
4615625,Desconocidos,3,2019-01-18,"Mau y Ricky, Manuel Turizo, Camilo",https://open.spotify.com/track/0s5DNDV6LAKn2u2Ufa3VjQ,El Salvador,top200,MOVE_DOWN,10428.0
4615626,Adan y Eva,4,2019-01-18,Paulo Londra,https://open.spotify.com/track/6FyRXC8tJUh863JCkyWqtk,El Salvador,top200,SAME_POSITION,9321.0
4615627,MIA (feat. Drake),5,2019-01-18,Bad Bunny,https://open.spotify.com/track/116H0KvKr2Zl4RPuVBruDO,El Salvador,top200,SAME_POSITION,8649.0
4615823,7 rings,1,2019-01-18,Ariana Grande,https://open.spotify.com/track/14msK75pk3pA33pzPVNtBF,Estonia,top200,NEW_ENTRY,6501.0
4615824,Sunflower - Spider-Man: Into the Spider-Verse,2,2019-01-18,"Post Malone, Swae Lee",https://open.spotify.com/track/3KkXRkHbMCARz0aVfEt68P,Estonia,top200,MOVE_DOWN,3516.0
4615825,tmt,3,2019-01-18,nublu,https://open.spotify.com/track/3BBC0z90LcToCjPIN0vuHp,Estonia,top200,SAME_POSITION,3368.0
4615826,Without Me,4,2019-01-18,Halsey,https://open.spotify.com/track/5p7ujcrUXASCNwRaWNHR1C,Estonia,top200,MOVE_DOWN,3185.0
4615827,Wow.,5,2019-01-18,Post Malone,https://open.spotify.com/track/6MWtB6iiXyIwun0YzU6DFP,Estonia,top200,MOVE_DOWN,3178.0
4615895,7 rings,1,2019-01-18,Ariana Grande,https://open.spotify.com/track/14msK75pk3pA33pzPVNtBF,Finland,top200,NEW_ENTRY,66059.0
4615896,Harmaa Rinne,2,2019-01-18,Teflon Brothers,https://open.spotify.com/track/4RYtaqxjDJUOY2GrtkLTFf,Finland,top200,MOVE_DOWN,64091.0
4615897,Maailma on rikki,3,2019-01-18,Ellips,https://open.spotify.com/track/7yWwfudN9Zh3M1PQn84zz9,Finland,top200,NEW_ENTRY,57669.0
4615898,Takaisin kotiin,4,2019-01-18,ABREU,https://open.spotify.com/track/3EtW2RxwCgv5ZlBb0CeW9a,Finland,top200,NEW_ENTRY,56294.0
4615899,Wow.,5,2019-01-18,Post Malone,https://open.spotify.com/track/6MWtB6iiXyIwun0YzU6DFP,Finland,top200,MOVE_DOWN,56165.0
4616095,Madrina,1,2019-01-18,"Maes, Booba",https://open.spotify.com/track/4miiqu2dxOhBguQDHtqssH,France,top200,SAME_POSITION,221400.0
4616096,Sale mood,2,2019-01-18,"Bramsito, Booba",https://open.spotify.com/track/7oxSh7uiB74lWGVIv2Qtlm,France,top200,SAME_POSITION,216677.0
4616097,Tout oublier,3,2019-01-18,"Angèle, Roméo Elvis",https://open.spotify.com/track/06O3hxudc6V0BOuoCFSy71,France,top200,SAME_POSITION,214963.0
4616098,1000°C,4,2019-01-18,"Lomepal, Roméo Elvis",https://open.spotify.com/track/6l7PqWKsgm4NLomOE7Veou,France,top200,SAME_POSITION,192635.0
4616099,On Fleek,5,2019-01-18,"Eva, Lartiste",https://open.spotify.com/track/4MSFxqmkiMxq7e61jTqgqt,France,top200,MOVE_UP,187092.0
4623238,Hobby Hobby,1,2019-01-18,MERO,https://open.spotify.com/track/260R90ctQ1SiPax90PuEsT,Germany,top200,MOVE_UP,1471330.0
4623239,DODI,2,2019-01-18,Shindy,https://open.spotify.com/track/63THFs9ovzO3WQsz4lzh0H,Germany,top200,MOVE_DOWN,762921.0
4623240,Benzema,3,2019-01-18,Capital Bra,https://open.spotify.com/track/7KPGeiXWDsGEvFK62wzU8E,Germany,top200,MOVE_DOWN,622961.0
4623241,Wenn die Sonne untergeht,4,2019-01-18,"Azet, Zuna",https://open.spotify.com/track/23N0z3XkwS2ErcNKsgCWAb,Germany,top200,NEW_ENTRY,622373.0
4623242,JAJA,5,2019-01-18,Fero47,https://open.spotify.com/track/5z3vuYzS9UF6rD6TmBEdUf,Germany,top200,MOVE_DOWN,512119.0
4623438,7 rings,1,2019-01-18,Ariana Grande,https://open.spotify.com/track/14msK75pk3pA33pzPVNtBF,Global,top200,NEW_ENTRY,8554577.0
4623439,Sunflower - Spider-Man: Into the Spider-Verse,2,2019-01-18,"Post Malone, Swae Lee",https://open.spotify.com/track/3KkXRkHbMCARz0aVfEt68P,Global,top200,MOVE_DOWN,5033261.0
4623440,Wow.,3,2019-01-18,Post Malone,https://open.spotify.com/track/6MWtB6iiXyIwun0YzU6DFP,Global,top200,MOVE_DOWN,4540612.0
4623441,"thank u, next",4,2019-01-18,Ariana Grande,https://open.spotify.com/track/2rPE9A1vEgShuZxxzR2tZH,Global,top200,SAME_POSITION,4305111.0
4623442,Without Me,5,2019-01-18,Halsey,https://open.spotify.com/track/5p7ujcrUXASCNwRaWNHR1C,Global,top200,MOVE_DOWN,4103411.0
4623636,7 rings,1,2019-01-18,Ariana Grande,https://open.spotify.com/track/14msK75pk3pA33pzPVNtBF,Greece,top200,NEW_ENTRY,21266.0
4623637,Wow.,2,2019-01-18,Post Malone,https://open.spotify.com/track/6MWtB6iiXyIwun0YzU6DFP,Greece,top200,MOVE_DOWN,7545.0
4623638,Without Me,3,2019-01-18,Halsey,https://open.spotify.com/track/5p7ujcrUXASCNwRaWNHR1C,Greece,top200,MOVE_DOWN,7138.0
4623639,"thank u, next",4,2019-01-18,Ariana Grande,https://open.spotify.com/track/2rPE9A1vEgShuZxxzR2tZH,Greece,top200,MOVE_UP,6479.0
4623640,Lost in the Fire,5,2019-01-18,"Gesaffelstein, The Weeknd",https://open.spotify.com/track/7wFybC8jBH3zE139OpCtpG,Greece,top200,MOVE_DOWN,5849.0
4623836,Calma - Remix,1,2019-01-18,"Pedro Capó, Farruko",https://open.spotify.com/track/5iwz1NiezX7WWjnCgY5TH4,Guatemala,top200,SAME_POSITION,22950.0
4623837,Adan y Eva,2,2019-01-18,Paulo Londra,https://open.spotify.com/track/6FyRXC8tJUh863JCkyWqtk,Guatemala,top200,SAME_POSITION,20771.0
4623838,Secreto,3,2019-01-18,"Anuel AA, KAROL G",https://open.spotify.com/track/5W83ErFkO3aKAIS1WMi6u0,Guatemala,top200,MOVE_UP,20387.0
4623839,Desconocidos,4,2019-01-18,"Mau y Ricky, Manuel Turizo, Camilo",https://open.spotify.com/track/0s5DNDV6LAKn2u2Ufa3VjQ,Guatemala,top200,MOVE_DOWN,20145.0
4623840,MIA (feat. Drake),5,2019-01-18,Bad Bunny,https://open.spotify.com/track/116H0KvKr2Zl4RPuVBruDO,Guatemala,top200,MOVE_DOWN,16781.0
4624036,Secreto,1,2019-01-18,"Anuel AA, KAROL G",https://open.spotify.com/track/5W83ErFkO3aKAIS1WMi6u0,Honduras,top200,MOVE_UP,11896.0
4624037,Calma - Remix,2,2019-01-18,"Pedro Capó, Farruko",https://open.spotify.com/track/5iwz1NiezX7WWjnCgY5TH4,Honduras,top200,MOVE_DOWN,11548.0
4624038,Adan y Eva,3,2019-01-18,Paulo Londra,https://open.spotify.com/track/6FyRXC8tJUh863JCkyWqtk,Honduras,top200,SAME_POSITION,8738.0
4624039,MIA (feat. Drake),4,2019-01-18,Bad Bunny,https://open.spotify.com/track/116H0KvKr2Zl4RPuVBruDO,Honduras,top200,SAME_POSITION,8392.0
4624040,Solo de Mi,5,2019-01-18,Bad Bunny,https://open.spotify.com/track/4uP3pUP18ennmz0tb3GphR,Honduras,top200,SAME_POSITION,7222.0
4624194,7 rings,1,2019-01-18,Ariana Grande,https://open.spotify.com/track/14msK75pk3pA33pzPVNtBF,Hong Kong,top200,NEW_ENTRY,17051.0
4624195,Sunflower - Spider-Man: Into the Spider-Verse,2,2019-01-18,"Post Malone, Swae Lee",https://open.spotify.com/track/3KkXRkHbMCARz0aVfEt68P,Hong Kong,top200,MOVE_DOWN,14174.0
4624196,Dancing With A Stranger (with Normani),3,2019-01-18,Sam Smith,https://open.spotify.com/track/6Qs4SXO9dwPj5GKvVOv8Ki,Hong Kong,top200,SAME_POSITION,12848.0
4624197,"thank u, next",4,2019-01-18,Ariana Grande,https://open.spotify.com/track/2rPE9A1vEgShuZxxzR2tZH,Hong Kong,top200,MOVE_DOWN,12808.0
4624198,Without Me,5,2019-01-18,Halsey,https://open.spotify.com/track/5p7ujcrUXASCNwRaWNHR1C,Hong Kong,top200,MOVE_DOWN,11930.0
4624394,7 rings,1,2019-01-18,Ariana Grande,https://open.spotify.com/track/14msK75pk3pA33pzPVNtBF,Hungary,top200,NEW_ENTRY,18363.0
4624395,High Hopes,2,2019-01-18,Panic! At The Disco,https://open.spotify.com/track/1rqqCSm0Qe4I9rUvWncaom,Hungary,top200,MOVE_UP,10678.0
4624396,Wow.,3,2019-01-18,Post Malone,https://open.spotify.com/track/6MWtB6iiXyIwun0YzU6DFP,Hungary,top200,MOVE_DOWN,10347.0
4624397,Sweet but Psycho,4,2019-01-18,Ava Max,https://open.spotify.com/track/25sgk305KZfyuqVBQIahim,Hungary,top200,MOVE_DOWN,9961.0
4624398,Without Me,5,2019-01-18,Halsey,https://open.spotify.com/track/5p7ujcrUXASCNwRaWNHR1C,Hungary,top200,MOVE_DOWN,9861.0
4624594,7 rings,1,2019-01-18,Ariana Grande,https://open.spotify.com/track/14msK75pk3pA33pzPVNtBF,Iceland,top200,NEW_ENTRY,10406.0
4624595,Næsta,2,2019-01-18,"JóiPé, Króli, GDRN, SZK",https://open.spotify.com/track/1YC7llsHtz0ScDtiLEVHZG,Iceland,top200,MOVE_DOWN,9009.0
4624596,Shallow,3,2019-01-18,"Lady Gaga, Bradley Cooper",https://open.spotify.com/track/2VxeLyX666F8uXCJ0dZF8B,Iceland,top200,MOVE_DOWN,7238.0
4624597,Sunflower - Spider-Man: Into the Spider-Verse,4,2019-01-18,"Post Malone, Swae Lee",https://open.spotify.com/track/3KkXRkHbMCARz0aVfEt68P,Iceland,top200,MOVE_DOWN,6668.0
4624598,Wow.,5,2019-01-18,Post Malone,https://open.spotify.com/track/6MWtB6iiXyIwun0YzU6DFP,Iceland,top200,MOVE_DOWN,6252.0
4624753,SOLO,1,2019-01-18,JENNIE,https://open.spotify.com/track/2wVDWtLKXunswWecARNILj,Indonesia,top200,SAME_POSITION,134234.0
4624754,"thank u, next",2,2019-01-18,Ariana Grande,https://open.spotify.com/track/2rPE9A1vEgShuZxxzR2tZH,Indonesia,top200,SAME_POSITION,128440.0
4624755,"Taki Taki (with Selena Gomez, Ozuna & Cardi B)",3,2019-01-18,DJ Snake,https://open.spotify.com/track/4w8niZpiMy6qz1mntFA5uM,Indonesia,top200,SAME_POSITION,85530.0
4624756,Without Me,4,2019-01-18,Halsey,https://open.spotify.com/track/5p7ujcrUXASCNwRaWNHR1C,Indonesia,top200,SAME_POSITION,85430.0
4624757,Selow,5,2019-01-18,"Wahyu Selow, Coki",https://open.spotify.com/track/1c5ZiOfMbDBHKRNuMfinOb,Indonesia,top200,SAME_POSITION,83390.0
4624954,7 rings,1,2019-01-18,Ariana Grande,https://open.spotify.com/track/14msK75pk3pA33pzPVNtBF,Ireland,top200,NEW_ENTRY,101289.0
4624955,Sweet but Psycho,2,2019-01-18,Ava Max,https://open.spotify.com/track/25sgk305KZfyuqVBQIahim,Ireland,top200,MOVE_DOWN,53275.0
4624956,Wow.,3,2019-01-18,Post Malone,https://open.spotify.com/track/6MWtB6iiXyIwun0YzU6DFP,Ireland,top200,MOVE_DOWN,46867.0
4624957,Without Me,4,2019-01-18,Halsey,https://open.spotify.com/track/5p7ujcrUXASCNwRaWNHR1C,Ireland,top200,MOVE_DOWN,44069.0
4624958,Sunflower - Spider-Man: Into the Spider-Verse,5,2019-01-18,"Post Malone, Swae Lee",https://open.spotify.com/track/3KkXRkHbMCARz0aVfEt68P,Ireland,top200,MOVE_DOWN,43385.0
4625153,יאסו,1,2019-01-18,"Static & Ben El, Eden Ben Zaken, Stephane Legar",https://open.spotify.com/track/0K3WykKk7ygKljIlHR4QtY,Israel,top200,SAME_POSITION,15711.0
4625154,7 rings,2,2019-01-18,Ariana Grande,https://open.spotify.com/track/14msK75pk3pA33pzPVNtBF,Israel,top200,NEW_ENTRY,10184.0
4625155,קירות,3,2019-01-18,Itay Levi,https://open.spotify.com/track/1UM18grarSYZwgeEFjqM4y,Israel,top200,MOVE_DOWN,7210.0
4625156,סוודר,4,2019-01-18,Noy Fadlon,https://open.spotify.com/track/4Yq0YrSQ8ACaZzBAZsVcBo,Israel,top200,SAME_POSITION,7005.0
4625157,Wow.,5,2019-01-18,Post Malone,https://open.spotify.com/track/6MWtB6iiXyIwun0YzU6DFP,Israel,top200,MOVE_DOWN,6970.0
4630850,Stamm Fort (feat. Sfera Ebbasta),1,2019-01-18,Luche,https://open.spotify.com/track/7hHf4gz7kGmkuwa6XMc88W,Italy,top200,MOVE_UP,939289.0
4630851,È sempre bello,2,2019-01-18,Coez,https://open.spotify.com/track/18LXrvm337xqvFxpaB9Puj,Italy,top200,MOVE_DOWN,405689.0
4630852,IL CIELO NELLA STANZA (feat. NSTASIA),3,2019-01-18,Salmo,https://open.spotify.com/track/2fkVZYFv9hOejIsLzZy8ad,Italy,top200,MOVE_DOWN,386601.0
4630853,Supernova (feat. Emis Killa),4,2019-01-18,MadMan,https://open.spotify.com/track/3gr1Ghb0F4QKWQsiseWORj,Italy,top200,NEW_ENTRY,363842.0
4630854,Calma - Remix,5,2019-01-18,"Pedro Capó, Farruko",https://open.spotify.com/track/5iwz1NiezX7WWjnCgY5TH4,Italy,top200,MOVE_DOWN,316725.0
4631050,今夜このまま,1,2019-01-18,Aimyon,https://open.spotify.com/track/0sSG83UxY15ft1E2N9THYF,Japan,top200,SAME_POSITION,46417.0
4631051,マリーゴールド,2,2019-01-18,Aimyon,https://open.spotify.com/track/0jWVUKsIoyo3zw64RaEWYg,Japan,top200,SAME_POSITION,42299.0
4631052,君はロックを聴かない,3,2019-01-18,Aimyon,https://open.spotify.com/track/59eluCMn0XbOWqeWQ91FTM,Japan,top200,SAME_POSITION,35902.0
4631053,愛を伝えたいだとか,4,2019-01-18,Aimyon,https://open.spotify.com/track/0N8Xztr4pBHJ7V0moJWhbO,Japan,top200,SAME_POSITION,29674.0
4631054,打上花火,5,2019-01-18,"DAOKO, Kenshi Yonezu",https://open.spotify.com/track/4IouQaO9GkaHC7AtMErdSa,Japan,top200,SAME_POSITION,27466.0
4631722,7 rings,1,2019-01-18,Ariana Grande,https://open.spotify.com/track/14msK75pk3pA33pzPVNtBF,Latvia,top200,NEW_ENTRY,5415.0
4631723,Wow.,2,2019-01-18,Post Malone,https://open.spotify.com/track/6MWtB6iiXyIwun0YzU6DFP,Latvia,top200,MOVE_DOWN,3884.0
4631724,Sunflower - Spider-Man: Into the Spider-Verse,3,2019-01-18,"Post Malone, Swae Lee",https://open.spotify.com/track/3KkXRkHbMCARz0aVfEt68P,Latvia,top200,MOVE_DOWN,3882.0
4631725,Without Me,4,2019-01-18,Halsey,https://open.spotify.com/track/5p7ujcrUXASCNwRaWNHR1C,Latvia,top200,MOVE_DOWN,3400.0
4631726,High Hopes,5,2019-01-18,Panic! At The Disco,https://open.spotify.com/track/1rqqCSm0Qe4I9rUvWncaom,Latvia,top200,MOVE_UP,2750.0
4631809,7 rings,1,2019-01-18,Ariana Grande,https://open.spotify.com/track/14msK75pk3pA33pzPVNtBF,Lithuania,top200,NEW_ENTRY,7200.0
4631810,Wow.,2,2019-01-18,Post Malone,https://open.spotify.com/track/6MWtB6iiXyIwun0YzU6DFP,Lithuania,top200,MOVE_DOWN,4196.0
4631811,Dancing With A Stranger (with Normani),3,2019-01-18,Sam Smith,https://open.spotify.com/track/6Qs4SXO9dwPj5GKvVOv8Ki,Lithuania,top200,MOVE_DOWN,3878.0
4631812,Sunflower - Spider-Man: Into the Spider-Verse,4,2019-01-18,"Post Malone, Swae Lee",https://open.spotify.com/track/3KkXRkHbMCARz0aVfEt68P,Lithuania,top200,MOVE_UP,3564.0
4631813,Lost in the Fire,5,2019-01-18,"Gesaffelstein, The Weeknd",https://open.spotify.com/track/7wFybC8jBH3zE139OpCtpG,Lithuania,top200,MOVE_DOWN,3562.0
4631890,Sunflower - Spider-Man: Into the Spider-Verse,1,2019-01-18,"Post Malone, Swae Lee",https://open.spotify.com/track/3KkXRkHbMCARz0aVfEt68P,Malaysia,top200,SAME_POSITION,52200.0
4631891,Without Me,2,2019-01-18,Halsey,https://open.spotify.com/track/5p7ujcrUXASCNwRaWNHR1C,Malaysia,top200,SAME_POSITION,47648.0
4631892,7 rings,3,2019-01-18,Ariana Grande,https://open.spotify.com/track/14msK75pk3pA33pzPVNtBF,Malaysia,top200,NEW_ENTRY,47220.0
4631893,"thank u, next",4,2019-01-18,Ariana Grande,https://open.spotify.com/track/2rPE9A1vEgShuZxxzR2tZH,Malaysia,top200,MOVE_DOWN,40493.0
4631894,SOLO,5,2019-01-18,JENNIE,https://open.spotify.com/track/2wVDWtLKXunswWecARNILj,Malaysia,top200,MOVE_DOWN,36791.0
4632090,Calma - Remix,1,2019-01-18,"Pedro Capó, Farruko",https://open.spotify.com/track/5iwz1NiezX7WWjnCgY5TH4,Mexico,top200,SAME_POSITION,726632.0
4632091,Adan y Eva,2,2019-01-18,Paulo Londra,https://open.spotify.com/track/6FyRXC8tJUh863JCkyWqtk,Mexico,top200,SAME_POSITION,543751.0
4632092,Desconocidos,3,2019-01-18,"Mau y Ricky, Manuel Turizo, Camilo",https://open.spotify.com/track/0s5DNDV6LAKn2u2Ufa3VjQ,Mexico,top200,SAME_POSITION,434469.0
4632093,MIA (feat. Drake),4,2019-01-18,Bad Bunny,https://open.spotify.com/track/116H0KvKr2Zl4RPuVBruDO,Mexico,top200,SAME_POSITION,411547.0
4632094,Ella Quiere Beber - Remix,5,2019-01-18,"Anuel AA, Romeo Santos",https://open.spotify.com/track/2cYnZNzFRFK0H7vSNxPsUq,Mexico,top200,SAME_POSITION,392583.0
4632290,Hij Is Van Mij (feat. Bizzey),1,2019-01-18,"Kris Kross Amsterdam, Maan, Tabitha",https://open.spotify.com/track/6716bTJI7qiHJFFSR0Ethe,Netherlands,top200,SAME_POSITION,371548.0
4632291,DRUP,2,2019-01-18,"Bizzey, Kraantje Pappie, Jonna Fraser, Ramiks",https://open.spotify.com/track/1fpmB97puEtPLW9ui8qEBw,Netherlands,top200,SAME_POSITION,322347.0
4632292,Wazabi,3,2019-01-18,3robi,https://open.spotify.com/track/6C0VgaDh8IpcqexnACFwRd,Netherlands,top200,NEW_ENTRY,289446.0
4632293,Duurt Te Lang,4,2019-01-18,Davina Michelle,https://open.spotify.com/track/2rzZ0IGxgrGUAPwrWn80z7,Netherlands,top200,MOVE_DOWN,275657.0
4632294,HUTS,5,2019-01-18,"The Blockparty, Esko, Mouad Locos, JoeyAK, Young Ellens, Chivv",https://open.spotify.com/track/0UMaqPntFC8dFOc7p3Iefj,Netherlands,top200,SAME_POSITION,220033.0
4632490,Sunflower - Spider-Man: Into the Spider-Verse,1,2019-01-18,"Post Malone, Swae Lee",https://open.spotify.com/track/3KkXRkHbMCARz0aVfEt68P,New Zealand,top200,SAME_POSITION,59730.0
4632491,7 rings,2,2019-01-18,Ariana Grande,https://open.spotify.com/track/14msK75pk3pA33pzPVNtBF,New Zealand,top200,NEW_ENTRY,47423.0
4632492,Wow.,3,2019-01-18,Post Malone,https://open.spotify.com/track/6MWtB6iiXyIwun0YzU6DFP,New Zealand,top200,SAME_POSITION,47083.0
4632493,Sweet but Psycho,4,2019-01-18,Ava Max,https://open.spotify.com/track/25sgk305KZfyuqVBQIahim,New Zealand,top200,MOVE_DOWN,45085.0
4632494,Without Me,5,2019-01-18,Halsey,https://open.spotify.com/track/5p7ujcrUXASCNwRaWNHR1C,New Zealand,top200,MOVE_DOWN,43310.0
4632690,Wow.,1,2019-01-18,Post Malone,https://open.spotify.com/track/6MWtB6iiXyIwun0YzU6DFP,Norway,top200,SAME_POSITION,110035.0
4632691,Sweet but Psycho,2,2019-01-18,Ava Max,https://open.spotify.com/track/25sgk305KZfyuqVBQIahim,Norway,top200,MOVE_UP,101046.0
4632692,Lost Control,3,2019-01-18,"Alan Walker, Sorana",https://open.spotify.com/track/0lG6QM1jjbbX5UUn3DPmrZ,Norway,top200,MOVE_DOWN,100967.0
4632693,Shallow,4,2019-01-18,"Lady Gaga, Bradley Cooper",https://open.spotify.com/track/2VxeLyX666F8uXCJ0dZF8B,Norway,top200,SAME_POSITION,95791.0
4632694,Without Me,5,2019-01-18,Halsey,https://open.spotify.com/track/5p7ujcrUXASCNwRaWNHR1C,Norway,top200,SAME_POSITION,88276.0
4632889,Secreto,1,2019-01-18,"Anuel AA, KAROL G",https://open.spotify.com/track/5W83ErFkO3aKAIS1WMi6u0,Panama,top200,SAME_POSITION,25661.0
4632890,Calma - Remix,2,2019-01-18,"Pedro Capó, Farruko",https://open.spotify.com/track/5iwz1NiezX7WWjnCgY5TH4,Panama,top200,SAME_POSITION,19325.0
4632891,Lollipop,3,2019-01-18,"Boza, Faster",https://open.spotify.com/track/4AFdUHHDslEOgQOzGjIJwJ,Panama,top200,SAME_POSITION,15676.0
4632892,Adan y Eva,4,2019-01-18,Paulo Londra,https://open.spotify.com/track/6FyRXC8tJUh863JCkyWqtk,Panama,top200,SAME_POSITION,14721.0
4632893,MIA (feat. Drake),5,2019-01-18,Bad Bunny,https://open.spotify.com/track/116H0KvKr2Zl4RPuVBruDO,Panama,top200,SAME_POSITION,13039.0
4633089,Secreto,1,2019-01-18,"Anuel AA, KAROL G",https://open.spotify.com/track/5W83ErFkO3aKAIS1WMi6u0,Paraguay,top200,MOVE_UP,36120.0
4633090,Adan y Eva,2,2019-01-18,Paulo Londra,https://open.spotify.com/track/6FyRXC8tJUh863JCkyWqtk,Paraguay,top200,MOVE_DOWN,30681.0
4633091,Desconocidos,3,2019-01-18,"Mau y Ricky, Manuel Turizo, Camilo",https://open.spotify.com/track/0s5DNDV6LAKn2u2Ufa3VjQ,Paraguay,top200,MOVE_DOWN,29756.0
4633092,Amanece,4,2019-01-18,"Anuel AA, Haze",https://open.spotify.com/track/1LiN0Z98FkR1t0m8KmLcAH,Paraguay,top200,SAME_POSITION,24705.0
4633093,Calma - Remix,5,2019-01-18,"Pedro Capó, Farruko",https://open.spotify.com/track/5iwz1NiezX7WWjnCgY5TH4,Paraguay,top200,SAME_POSITION,22795.0
4633764,Calma - Remix,1,2019-01-18,"Pedro Capó, Farruko",https://open.spotify.com/track/5iwz1NiezX7WWjnCgY5TH4,Peru,top200,SAME_POSITION,155411.0
4633765,Adan y Eva,2,2019-01-18,Paulo Londra,https://open.spotify.com/track/6FyRXC8tJUh863JCkyWqtk,Peru,top200,SAME_POSITION,142878.0
4633766,Secreto,3,2019-01-18,"Anuel AA, KAROL G",https://open.spotify.com/track/5W83ErFkO3aKAIS1WMi6u0,Peru,top200,MOVE_UP,132015.0
4633767,Desconocidos,4,2019-01-18,"Mau y Ricky, Manuel Turizo, Camilo",https://open.spotify.com/track/0s5DNDV6LAKn2u2Ufa3VjQ,Peru,top200,MOVE_DOWN,127886.0
4633768,Amanece,5,2019-01-18,"Anuel AA, Haze",https://open.spotify.com/track/1LiN0Z98FkR1t0m8KmLcAH,Peru,top200,MOVE_DOWN,110615.0
4633964,Kung 'Di Rin Lang Ikaw,1,2019-01-18,"December Avenue, Moira Dela Torre",https://open.spotify.com/track/2BgD4nRyx9EZ5o8YEnjRSV,Philippines,top200,SAME_POSITION,282926.0
4633965,Kahit Ayaw Mo Na,2,2019-01-18,This Band,https://open.spotify.com/track/5V2AX2WTOHl2FKtftvisV6,Philippines,top200,SAME_POSITION,258099.0
4633966,Sana,3,2019-01-18,I Belong to the Zoo,https://open.spotify.com/track/1X4l4i472kW5ofFP8Xo0x0,Philippines,top200,SAME_POSITION,253279.0
4633967,Buwan,4,2019-01-18,juan karlos,https://open.spotify.com/track/5f9808hpiCpuNyqqdXmpF2,Philippines,top200,SAME_POSITION,247043.0
4633968,Sa Ngalan Ng Pag-Ibig,5,2019-01-18,December Avenue,https://open.spotify.com/track/00mBzIWv5gHOYxwuEJXjOG,Philippines,top200,SAME_POSITION,223733.0
4634629,7 rings,1,2019-01-18,Ariana Grande,https://open.spotify.com/track/14msK75pk3pA33pzPVNtBF,Poland,top200,NEW_ENTRY,104595.0
4634630,High Hopes,2,2019-01-18,Panic! At The Disco,https://open.spotify.com/track/1rqqCSm0Qe4I9rUvWncaom,Poland,top200,SAME_POSITION,58409.0
4634631,Shallow,3,2019-01-18,"Lady Gaga, Bradley Cooper",https://open.spotify.com/track/2VxeLyX666F8uXCJ0dZF8B,Poland,top200,MOVE_DOWN,56554.0
4634632,Sweet but Psycho,4,2019-01-18,Ava Max,https://open.spotify.com/track/25sgk305KZfyuqVBQIahim,Poland,top200,MOVE_DOWN,55321.0
4634633,Chłopaki nie płaczą,5,2019-01-18,"Bedoes, Kubi Producent, Taco Hemingway",https://open.spotify.com/track/4glBRF3uJCf3bTG4hhIhpn,Poland,top200,SAME_POSITION,49747.0
4634827,7 rings,1,2019-01-18,Ariana Grande,https://open.spotify.com/track/14msK75pk3pA33pzPVNtBF,Portugal,top200,NEW_ENTRY,32307.0
4634828,Tou Bem (feat. Lhast),2,2019-01-18,ProfJam,https://open.spotify.com/track/4c5yphfLxbguggPnS6Wibq,Portugal,top200,MOVE_DOWN,31989.0
4634829,Without Me,3,2019-01-18,Halsey,https://open.spotify.com/track/5p7ujcrUXASCNwRaWNHR1C,Portugal,top200,MOVE_DOWN,25261.0
4634830,Shallow,4,2019-01-18,"Lady Gaga, Bradley Cooper",https://open.spotify.com/track/2VxeLyX666F8uXCJ0dZF8B,Portugal,top200,MOVE_DOWN,24011.0
4634831,Devia Ir,5,2019-01-18,Wet Bed Gang,https://open.spotify.com/track/1ftBvRj542ol7LT1A0EtL7,Portugal,top200,MOVE_DOWN,22911.0
4635027,7 rings,1,2019-01-18,Ariana Grande,https://open.spotify.com/track/14msK75pk3pA33pzPVNtBF,Romania,top200,NEW_ENTRY,15573.0
4635028,Wow.,2,2019-01-18,Post Malone,https://open.spotify.com/track/6MWtB6iiXyIwun0YzU6DFP,Romania,top200,MOVE_DOWN,8423.0
4635029,Without Me,3,2019-01-18,Halsey,https://open.spotify.com/track/5p7ujcrUXASCNwRaWNHR1C,Romania,top200,MOVE_DOWN,7666.0
4635030,Lost in the Fire,4,2019-01-18,"Gesaffelstein, The Weeknd",https://open.spotify.com/track/7wFybC8jBH3zE139OpCtpG,Romania,top200,MOVE_DOWN,6317.0
4635031,Sunflower - Spider-Man: Into the Spider-Verse,5,2019-01-18,"Post Malone, Swae Lee",https://open.spotify.com/track/3KkXRkHbMCARz0aVfEt68P,Romania,top200,SAME_POSITION,5868.0
4639734,Sunflower - Spider-Man: Into the Spider-Verse,1,2019-01-18,"Post Malone, Swae Lee",https://open.spotify.com/track/3KkXRkHbMCARz0aVfEt68P,Singapore,top200,SAME_POSITION,45793.0
4639735,7 rings,2,2019-01-18,Ariana Grande,https://open.spotify.com/track/14msK75pk3pA33pzPVNtBF,Singapore,top200,NEW_ENTRY,43854.0
4639736,"thank u, next",3,2019-01-18,Ariana Grande,https://open.spotify.com/track/2rPE9A1vEgShuZxxzR2tZH,Singapore,top200,MOVE_DOWN,43854.0
4639737,Without Me,4,2019-01-18,Halsey,https://open.spotify.com/track/5p7ujcrUXASCNwRaWNHR1C,Singapore,top200,MOVE_DOWN,41243.0
4639738,有一種悲傷 - 電影《比悲傷更悲傷的故事》主題曲,5,2019-01-18,A-Lin,https://open.spotify.com/track/3ayrHkyorPEpeOBvZ76SwG,Singapore,top200,MOVE_DOWN,37248.0
4639933,7 rings,1,2019-01-18,Ariana Grande,https://open.spotify.com/track/14msK75pk3pA33pzPVNtBF,Slovakia,top200,NEW_ENTRY,8228.0
4639934,Wow.,2,2019-01-18,Post Malone,https://open.spotify.com/track/6MWtB6iiXyIwun0YzU6DFP,Slovakia,top200,MOVE_DOWN,5571.0
4639935,Sunflower - Spider-Man: Into the Spider-Verse,3,2019-01-18,"Post Malone, Swae Lee",https://open.spotify.com/track/3KkXRkHbMCARz0aVfEt68P,Slovakia,top200,SAME_POSITION,5058.0
4639936,Without Me,4,2019-01-18,Halsey,https://open.spotify.com/track/5p7ujcrUXASCNwRaWNHR1C,Slovakia,top200,MOVE_DOWN,5037.0
4639937,Shallow,5,2019-01-18,"Lady Gaga, Bradley Cooper",https://open.spotify.com/track/2VxeLyX666F8uXCJ0dZF8B,Slovakia,top200,MOVE_DOWN,4936.0
4640657,7 rings,1,2019-01-18,Ariana Grande,https://open.spotify.com/track/14msK75pk3pA33pzPVNtBF,South Africa,top200,NEW_ENTRY,7734.0
4640658,Sunflower - Spider-Man: Into the Spider-Verse,2,2019-01-18,"Post Malone, Swae Lee",https://open.spotify.com/track/3KkXRkHbMCARz0aVfEt68P,South Africa,top200,MOVE_DOWN,7129.0
4640659,Without Me,3,2019-01-18,Halsey,https://open.spotify.com/track/5p7ujcrUXASCNwRaWNHR1C,South Africa,top200,MOVE_DOWN,6256.0
4640660,Wow.,4,2019-01-18,Post Malone,https://open.spotify.com/track/6MWtB6iiXyIwun0YzU6DFP,South Africa,top200,MOVE_DOWN,6063.0
4640661,Eastside (with Halsey & Khalid),5,2019-01-18,benny blanco,https://open.spotify.com/track/7FGq80cy8juXBCD2nrqdWU,South Africa,top200,MOVE_DOWN,5766.0
4640857,Adan y Eva,1,2019-01-18,Paulo Londra,https://open.spotify.com/track/6FyRXC8tJUh863JCkyWqtk,Spain,top200,SAME_POSITION,393917.0
4640858,Secreto,2,2019-01-18,"Anuel AA, KAROL G",https://open.spotify.com/track/5W83ErFkO3aKAIS1WMi6u0,Spain,top200,MOVE_UP,362118.0
4640859,Calma - Remix,3,2019-01-18,"Pedro Capó, Farruko",https://open.spotify.com/track/5iwz1NiezX7WWjnCgY5TH4,Spain,top200,MOVE_DOWN,329591.0
4640860,Baila Baila Baila,4,2019-01-18,Ozuna,https://open.spotify.com/track/7uH27oIt4a6cIFCA8ZPcyG,Spain,top200,MOVE_UP,312605.0
4640861,NI BIEN NI MAL,5,2019-01-18,Bad Bunny,https://open.spotify.com/track/278kSqsZIiYp8p3QjYAqa8,Spain,top200,MOVE_DOWN,310121.0
4641057,Shallow,1,2019-01-18,"Lady Gaga, Bradley Cooper",https://open.spotify.com/track/2VxeLyX666F8uXCJ0dZF8B,Sweden,top200,SAME_POSITION,173754.0
4641058,Wow.,2,2019-01-18,Post Malone,https://open.spotify.com/track/6MWtB6iiXyIwun0YzU6DFP,Sweden,top200,SAME_POSITION,155189.0
4641059,7 rings,3,2019-01-18,Ariana Grande,https://open.spotify.com/track/14msK75pk3pA33pzPVNtBF,Sweden,top200,NEW_ENTRY,143372.0
4641060,Kall,4,2019-01-18,Ant Wan,https://open.spotify.com/track/3YHHiktpaEShl6v22bOpzo,Sweden,top200,SAME_POSITION,137659.0
4641061,Alla Mina,5,2019-01-18,"Jireel, K27",https://open.spotify.com/track/1nVFZL2qpUryfEJ7kpxOa7,Sweden,top200,MOVE_DOWN,125579.0
4641738,Hobby Hobby,1,2019-01-18,MERO,https://open.spotify.com/track/260R90ctQ1SiPax90PuEsT,Switzerland,top200,NEW_ENTRY,101508.0
4641739,Wenn die Sonne untergeht,2,2019-01-18,"Azet, Zuna",https://open.spotify.com/track/23N0z3XkwS2ErcNKsgCWAb,Switzerland,top200,NEW_ENTRY,56255.0
4641740,DODI,3,2019-01-18,Shindy,https://open.spotify.com/track/63THFs9ovzO3WQsz4lzh0H,Switzerland,top200,MOVE_DOWN,47703.0
4641741,Sweet but Psycho,4,2019-01-18,Ava Max,https://open.spotify.com/track/25sgk305KZfyuqVBQIahim,Switzerland,top200,MOVE_DOWN,36399.0
4641742,Benzema,5,2019-01-18,Capital Bra,https://open.spotify.com/track/7KPGeiXWDsGEvFK62wzU8E,Switzerland,top200,MOVE_DOWN,35476.0
4641938,怪美的,1,2019-01-18,Jolin Tsai,https://open.spotify.com/track/0cONHWTIfgEpAuVwbbwGgc,Taiwan,top200,MOVE_UP,23372.0
4641939,Dancing With A Stranger (with Normani),2,2019-01-18,Sam Smith,https://open.spotify.com/track/6Qs4SXO9dwPj5GKvVOv8Ki,Taiwan,top200,MOVE_DOWN,22233.0
4641940,有一種悲傷 - 電影《比悲傷更悲傷的故事》主題曲,3,2019-01-18,A-Lin,https://open.spotify.com/track/3ayrHkyorPEpeOBvZ76SwG,Taiwan,top200,MOVE_DOWN,22211.0
4641941,浪流連,4,2019-01-18,EggPlantEgg,https://open.spotify.com/track/2GJ9TC1R5yzZ2gYPKGPGyp,Taiwan,top200,MOVE_UP,21780.0
4641942,Without Me,5,2019-01-18,Halsey,https://open.spotify.com/track/5p7ujcrUXASCNwRaWNHR1C,Taiwan,top200,MOVE_DOWN,20471.0
4642616,Sunflower - Spider-Man: Into the Spider-Verse,1,2019-01-18,"Post Malone, Swae Lee",https://open.spotify.com/track/3KkXRkHbMCARz0aVfEt68P,Thailand,top200,SAME_POSITION,30815.0
4642617,SOLO,2,2019-01-18,JENNIE,https://open.spotify.com/track/2wVDWtLKXunswWecARNILj,Thailand,top200,SAME_POSITION,27563.0
4642618,ลาลาลอย (100%),3,2019-01-18,The Toys,https://open.spotify.com/track/3f3L2MP4oniV1bmSxGbcW4,Thailand,top200,SAME_POSITION,23799.0
4642619,ซ่อนกลิ่น,4,2019-01-18,Palmy,https://open.spotify.com/track/7woh2lJvyILYxSQ1kXTI3d,Thailand,top200,SAME_POSITION,23140.0
4642620,เสือสิ้นลาย,5,2019-01-18,"F.HERO, YOUNGOHM, P-Hot, FYMME",https://open.spotify.com/track/42pEFPN6KrUydf2ufdampZ,Thailand,top200,MOVE_UP,19250.0
4642816,Bir İhtimal Biliyorum,1,2019-01-18,Gülşen,https://open.spotify.com/track/24mpJgP2YZUBif9NvmYyh4,Turkey,top200,SAME_POSITION,109011.0
4642817,3 2 1,2,2019-01-18,Ben Fero,https://open.spotify.com/track/15DPWEQ73JEW3pfyU6EcmR,Turkey,top200,SAME_POSITION,96861.0
4642818,Kıskanç,3,2019-01-18,"Kubilay Karça, Şehinşah",https://open.spotify.com/track/4NkKfZe4USK76vt2dVnIQ8,Turkey,top200,SAME_POSITION,91665.0
4642819,Kural Ne Bilmiyorum,4,2019-01-18,Istanbul Trip,https://open.spotify.com/track/23z6Ev2iQ48ho1MJI6tsVX,Turkey,top200,SAME_POSITION,85682.0
4642820,Sana Doğru,5,2019-01-18,Bora Duran,https://open.spotify.com/track/79sYvkdnJGFrYx67nBL5Nk,Turkey,top200,SAME_POSITION,76205.0
4643015,7 rings,1,2019-01-18,Ariana Grande,https://open.spotify.com/track/14msK75pk3pA33pzPVNtBF,United Kingdom,top200,NEW_ENTRY,809992.0
4643016,Sweet but Psycho,2,2019-01-18,Ava Max,https://open.spotify.com/track/25sgk305KZfyuqVBQIahim,United Kingdom,top200,MOVE_DOWN,446060.0
4643017,Wow.,3,2019-01-18,Post Malone,https://open.spotify.com/track/6MWtB6iiXyIwun0YzU6DFP,United Kingdom,top200,MOVE_DOWN,398285.0
4643018,Dancing With A Stranger (with Normani),4,2019-01-18,Sam Smith,https://open.spotify.com/track/6Qs4SXO9dwPj5GKvVOv8Ki,United Kingdom,top200,MOVE_UP,352187.0
4643019,"thank u, next",5,2019-01-18,Ariana Grande,https://open.spotify.com/track/2rPE9A1vEgShuZxxzR2tZH,United Kingdom,top200,MOVE_DOWN,351815.0
4648199,7 rings,1,2019-01-18,Ariana Grande,https://open.spotify.com/track/14msK75pk3pA33pzPVNtBF,United States,top200,NEW_ENTRY,3847877.0
4648200,Sunflower - Spider-Man: Into the Spider-Verse,2,2019-01-18,"Post Malone, Swae Lee",https://open.spotify.com/track/3KkXRkHbMCARz0aVfEt68P,United States,top200,MOVE_DOWN,2118242.0
4648201,Wow.,3,2019-01-18,Post Malone,https://open.spotify.com/track/6MWtB6iiXyIwun0YzU6DFP,United States,top200,MOVE_DOWN,1860176.0
4648202,Going Bad (feat. Drake),4,2019-01-18,Meek Mill,https://open.spotify.com/track/2IRZnDFmlqMuOrYOLnZZyc,United States,top200,MOVE_DOWN,1470454.0
4648203,Without Me,5,2019-01-18,Halsey,https://open.spotify.com/track/5p7ujcrUXASCNwRaWNHR1C,United States,top200,SAME_POSITION,1345243.0
4648401,Calma - Remix,1,2019-01-18,"Pedro Capó, Farruko",https://open.spotify.com/track/5iwz1NiezX7WWjnCgY5TH4,Uruguay,top200,SAME_POSITION,30110.0
4648402,Adan y Eva,2,2019-01-18,Paulo Londra,https://open.spotify.com/track/6FyRXC8tJUh863JCkyWqtk,Uruguay,top200,SAME_POSITION,24129.0
4648403,Leña para el Carbón,3,2019-01-18,DJ Alex,https://open.spotify.com/track/5lcL51XmmTrQy09H85wIJZ,Uruguay,top200,SAME_POSITION,18066.0
4648404,Desconocidos,4,2019-01-18,"Mau y Ricky, Manuel Turizo, Camilo",https://open.spotify.com/track/0s5DNDV6LAKn2u2Ufa3VjQ,Uruguay,top200,SAME_POSITION,15860.0
4648405,Adictiva,5,2019-01-18,"Daddy Yankee, Anuel AA",https://open.spotify.com/track/6MJUCumnQsQEKbCy28tbCP,Uruguay,top200,SAME_POSITION,14566.0
4648601,7 rings,1,2019-01-18,Ariana Grande,https://open.spotify.com/track/14msK75pk3pA33pzPVNtBF,Vietnam,top200,NEW_ENTRY,8118.0
4648602,"thank u, next",2,2019-01-18,Ariana Grande,https://open.spotify.com/track/2rPE9A1vEgShuZxxzR2tZH,Vietnam,top200,SAME_POSITION,5439.0
4648603,Without Me,3,2019-01-18,Halsey,https://open.spotify.com/track/5p7ujcrUXASCNwRaWNHR1C,Vietnam,top200,MOVE_DOWN,5225.0
4648604,Anh Đếch Cần Gì Nhiều Ngoài Em,4,2019-01-18,"Đen, Thành Đồng, Vũ.",https://open.spotify.com/track/7GxSshyjKx46dlIV2UoVrc,Vietnam,top200,MOVE_DOWN,5182.0
4648605,Sunflower - Spider-Man: Into the Spider-Verse,5,2019-01-18,"Post Malone, Swae Lee",https://open.spotify.com/track/3KkXRkHbMCARz0aVfEt68P,Vietnam,top200,SAME_POSITION,5048.0
